"County","County.Code","Deaths","Population","Crude.Rate"
"Autauga County, AL","01001",29,55601,"52.2"
"Baldwin County, AL","01003",26,218022,"11.9"
"Butler County, AL","01013",12,19680,"Unreliable"
"Calhoun County, AL","01015",14,114277,"Unreliable"
"Chambers County, AL","01017",21,33615,"62.5"
"Cherokee County, AL","01019",13,26032,"Unreliable"
"Clarke County, AL","01025",14,23920,"Unreliable"
"Coffee County, AL","01031",14,51909,"Unreliable"
"Covington County, AL","01039",14,36986,"Unreliable"
"Cullman County, AL","01043",22,83442,"26.4"
"Dale County, AL","01045",17,48956,"Unreliable"
"DeKalb County, AL","01049",36,71385,"50.4"
"Elmore County, AL","01051",24,81887,"29.3"
"Escambia County, AL","01053",24,36748,"65.3"
"Etowah County, AL","01055",48,102501,"46.8"
"Geneva County, AL","01061",16,26314,"Unreliable"
"Houston County, AL","01069",15,104722,"Unreliable"
"Jackson County, AL","01071",14,51736,"Unreliable"
"Jefferson County, AL","01073",141,659300,"21.4"
"Lauderdale County, AL","01077",13,92387,"Unreliable"
"Lee County, AL","01081",47,163941,"28.7"
"Madison County, AL","01089",57,366519,"15.6"
"Marshall County, AL","01095",23,96109,"23.9"
"Mobile County, AL","01097",87,413757,"21"
"Monroe County, AL","01099",10,21067,"Unreliable"
"Montgomery County, AL","01101",96,225763,"42.5"
"Morgan County, AL","01103",13,119089,"Unreliable"
"Pike County, AL","01109",13,33338,"Unreliable"
"Russell County, AL","01113",39,57781,"67.5"
"St. Clair County, AL","01115",19,88690,"Unreliable"
"Shelby County, AL","01117",19,215707,"Unreliable"
"Talladega County, AL","01121",15,79828,"Unreliable"
"Tallapoosa County, AL","01123",17,40497,"Unreliable"
"Tuscaloosa County, AL","01125",20,208911,"9.6"
"Walker County, AL","01127",15,63711,"Unreliable"
"Washington County, AL","01129",14,16378,"Unreliable"
"Anchorage Borough, AK","02020",57,291538,"19.6"
"Fairbanks North Star Borough, AK","02090",12,98971,"Unreliable"
"Kenai Peninsula Borough, AK","02122",14,58533,"Unreliable"
"Matanuska-Susitna Borough, AK","02170",17,107610,"Unreliable"
"Apache County, AZ","04001",26,71818,"36.2"
"Cochise County, AZ","04003",50,126770,"39.4"
"Coconino County, AZ","04005",29,142854,"20.3"
"Gila County, AZ","04007",21,53889,"39"
"Graham County, AZ","04009",21,38072,"55.2"
"Maricopa County, AZ","04013",1080,4410824,"24.5"
"Mohave County, AZ","04015",90,209550,"42.9"
"Navajo County, AZ","04017",64,110445,"57.9"
"Pima County, AZ","04019",370,1039073,"35.6"
"Pinal County, AZ","04021",122,447138,"27.3"
"Yavapai County, AZ","04025",65,231993,"28"
"Yuma County, AZ","04027",92,212128,"43.4"
"Arkansas County, AR","05001",11,17769,"Unreliable"
"Baxter County, AR","05005",20,41619,"48.1"
"Benton County, AR","05007",109,272608,"40"
"Carroll County, AR","05015",11,28223,"Unreliable"
"Chicot County, AR","05017",11,10438,"Unreliable"
"Clark County, AR","05019",10,22061,"Unreliable"
"Clay County, AR","05021",11,14847,"Unreliable"
"Cleburne County, AR","05023",12,24965,"Unreliable"
"Columbia County, AR","05027",10,23537,"Unreliable"
"Craighead County, AR","05031",16,108558,"Unreliable"
"Crawford County, AR","05033",23,63406,"36.3"
"Crittenden County, AR","05035",26,48342,"53.8"
"Cross County, AR","05037",16,16676,"Unreliable"
"Drew County, AR","05043",13,18328,"Unreliable"
"Faulkner County, AR","05045",20,124806,"16"
"Garland County, AR","05051",33,99154,"33.3"
"Greene County, AR","05055",23,45325,"50.7"
"Jackson County, AR","05067",11,16811,"Unreliable"
"Jefferson County, AR","05069",22,68114,"32.3"
"Little River County, AR","05081",10,12326,"Unreliable"
"Logan County, AR","05083",12,21737,"Unreliable"
"Lonoke County, AR","05085",37,73657,"50.2"
"Madison County, AR","05087",10,16481,"Unreliable"
"Marion County, AR","05089",10,16722,"Unreliable"
"Miller County, AR","05091",36,43592,"82.6"
"Mississippi County, AR","05093",30,41239,"72.7"
"Phillips County, AR","05107",18,18029,"Unreliable"
"Poinsett County, AR","05111",12,23974,"Unreliable"
"Polk County, AR","05113",13,20049,"Unreliable"
"Pope County, AR","05115",21,64000,"32.8"
"Pulaski County, AR","05119",194,392680,"49.4"
"St. Francis County, AR","05123",11,25439,"Unreliable"
"Saline County, AR","05125",35,121421,"28.8"
"Sebastian County, AR","05131",57,127753,"44.6"
"Sharp County, AR","05135",15,17366,"Unreliable"
"Union County, AR","05139",19,39126,"Unreliable"
"Washington County, AR","05143",46,236961,"19.4"
"White County, AR","05145",25,78727,"31.8"
"Alameda County, CA","06001",320,1666753,"19.2"
"Butte County, CA","06007",47,231256,"20.3"
"Calaveras County, CA","06009",19,45602,"Unreliable"
"Contra Costa County, CA","06013",225,1150215,"19.6"
"El Dorado County, CA","06017",36,190678,"18.9"
"Fresno County, CA","06019",294,994400,"29.6"
"Glenn County, CA","06021",11,28047,"Unreliable"
"Humboldt County, CA","06023",48,136373,"35.2"
"Imperial County, CA","06025",68,181827,"37.4"
"Kern County, CA","06029",300,896764,"33.5"
"Kings County, CA","06031",21,151366,"13.9"
"Lake County, CA","06033",15,64382,"Unreliable"
"Los Angeles County, CA","06037",2702,10105518,"26.7"
"Madera County, CA","06039",44,157672,"27.9"
"Marin County, CA","06041",43,259666,"16.6"
"Mendocino County, CA","06045",18,87606,"Unreliable"
"Merced County, CA","06047",71,274765,"25.8"
"Monterey County, CA","06053",75,435594,"17.2"
"Napa County, CA","06055",33,139417,"23.7"
"Nevada County, CA","06057",22,99696,"22.1"
"Orange County, CA","06059",542,3185968,"17"
"Placer County, CA","06061",84,393149,"21.4"
"Riverside County, CA","06065",449,2450758,"18.3"
"Sacramento County, CA","06067",498,1540975,"32.3"
"San Benito County, CA","06069",15,61537,"Unreliable"
"San Bernardino County, CA","06071",700,2171603,"32.2"
"San Diego County, CA","06073",778,3343364,"23.3"
"San Francisco County, CA","06075",129,883305,"14.6"
"San Joaquin County, CA","06077",201,752660,"26.7"
"San Luis Obispo County, CA","06079",40,284010,"14.1"
"San Mateo County, CA","06081",103,769545,"13.4"
"Santa Barbara County, CA","06083",89,446527,"19.9"
"Santa Clara County, CA","06085",445,1937570,"23"
"Santa Cruz County, CA","06087",46,274255,"16.8"
"Shasta County, CA","06089",57,180040,"31.7"
"Siskiyou County, CA","06093",21,43724,"48"
"Solano County, CA","06095",166,446610,"37.2"
"Sonoma County, CA","06097",117,499942,"23.4"
"Stanislaus County, CA","06099",173,549815,"31.5"
"Sutter County, CA","06101",28,96807,"28.9"
"Tehama County, CA","06103",27,63916,"42.2"
"Tulare County, CA","06107",84,465861,"18"
"Tuolumne County, CA","06109",12,54539,"Unreliable"
"Ventura County, CA","06111",184,850967,"21.6"
"Yolo County, CA","06113",36,220408,"16.3"
"Yuba County, CA","06115",12,78041,"Unreliable"
"Adams County, CO","08001",82,511868,"16"
"Arapahoe County, CO","08005",99,651215,"15.2"
"Boulder County, CO","08013",31,326078,"9.5"
"Denver County, CO","08031",125,716492,"17.4"
"Douglas County, CO","08035",39,342776,"11.4"
"El Paso County, CO","08041",147,713856,"20.6"
"Jefferson County, CO","08059",67,580233,"11.5"
"Larimer County, CO","08069",62,350518,"17.7"
"Mesa County, CO","08077",39,153207,"25.5"
"Montezuma County, CO","08083",15,26158,"Unreliable"
"Montrose County, CO","08085",10,42214,"Unreliable"
"Pueblo County, CO","08101",60,167529,"35.8"
"Weld County, CO","08123",71,314305,"22.6"
"Fairfield County, CT","09001",137,943823,"14.5"
"Hartford County, CT","09003",191,892697,"21.4"
"Litchfield County, CT","09005",35,181111,"19.3"
"Middlesex County, CT","09007",35,162682,"21.5"
"New Haven County, CT","09009",191,857620,"22.3"
"New London County, CT","09011",63,266784,"23.6"
"Tolland County, CT","09013",21,150921,"13.9"
"Windham County, CT","09015",35,117027,"29.9"
"Kent County, DE","10001",44,178550,"24.6"
"New Castle County, DE","10003",138,559335,"24.7"
"Sussex County, DE","10005",56,229286,"24.4"
"District of Columbia, DC","11001",144,702455,"20.5"
"Alachua County, FL","12001",53,269956,"19.6"
"Bay County, FL","12005",82,185287,"44.3"
"Brevard County, FL","12009",188,596849,"31.5"
"Broward County, FL","12011",404,1951260,"20.7"
"Charlotte County, FL","12015",83,184998,"44.9"
"Citrus County, FL","12017",101,147929,"68.3"
"Clay County, FL","12019",44,216072,"20.4"
"Collier County, FL","12021",80,378488,"21.1"
"Columbia County, FL","12023",28,70503,"39.7"
"DeSoto County, FL","12027",18,37489,"Unreliable"
"Duval County, FL","12031",266,950181,"28"
"Escambia County, FL","12033",103,315534,"32.6"
"Flagler County, FL","12035",56,112067,"50"
"Gadsden County, FL","12039",16,45894,"Unreliable"
"Hardee County, FL","12049",13,27245,"Unreliable"
"Hendry County, FL","12051",13,41556,"Unreliable"
"Hernando County, FL","12053",141,190865,"73.9"
"Highlands County, FL","12055",36,105424,"34.1"
"Hillsborough County, FL","12057",300,1436888,"20.9"
"Holmes County, FL","12059",12,19477,"Unreliable"
"Indian River County, FL","12061",57,157413,"36.2"
"Jackson County, FL","12063",15,48305,"Unreliable"
"Lake County, FL","12069",147,356495,"41.2"
"Lee County, FL","12071",232,754610,"30.7"
"Leon County, FL","12073",72,292502,"24.6"
"Levy County, FL","12075",23,40770,"56.4"
"Manatee County, FL","12081",104,394855,"26.3"
"Marion County, FL","12083",157,359977,"43.6"
"Martin County, FL","12085",45,160912,"28"
"Miami-Dade County, FL","12086",751,2761581,"27.2"
"Monroe County, FL","12087",18,75027,"Unreliable"
"Nassau County, FL","12089",14,85832,"Unreliable"
"Okaloosa County, FL","12091",68,207269,"32.8"
"Okeechobee County, FL","12093",12,41537,"Unreliable"
"Orange County, FL","12095",282,1380645,"20.4"
"Osceola County, FL","12097",82,367990,"22.3"
"Palm Beach County, FL","12099",297,1485941,"20"
"Pasco County, FL","12101",240,539630,"44.5"
"Pinellas County, FL","12103",368,975280,"37.7"
"Polk County, FL","12105",236,708009,"33.3"
"Putnam County, FL","12107",37,74163,"49.9"
"St. Johns County, FL","12109",39,254261,"15.3"
"St. Lucie County, FL","12111",119,321128,"37.1"
"Santa Rosa County, FL","12113",39,179349,"21.7"
"Sarasota County, FL","12115",112,426718,"26.2"
"Seminole County, FL","12117",109,467832,"23.3"
"Sumter County, FL","12119",83,128754,"64.5"
"Suwannee County, FL","12121",13,44191,"Unreliable"
"Taylor County, FL","12123",22,21623,"101.7"
"Union County, FL","12125",10,14940,"Unreliable"
"Volusia County, FL","12127",243,547538,"44.4"
"Wakulla County, FL","12129",11,32461,"Unreliable"
"Walton County, FL","12131",26,71375,"36.4"
"Washington County, FL","12133",15,24880,"Unreliable"
"Baldwin County, GA","13009",16,44823,"Unreliable"
"Barrow County, GA","13013",24,80809,"29.7"
"Bartow County, GA","13015",25,106408,"23.5"
"Ben Hill County, GA","13017",14,16787,"Unreliable"
"Bibb County, GA","13021",20,153095,"13.1"
"Brooks County, GA","13027",10,15513,"Unreliable"
"Bulloch County, GA","13031",22,77296,"28.5"
"Burke County, GA","13033",10,22423,"Unreliable"
"Butts County, GA","13035",10,24193,"Unreliable"
"Carroll County, GA","13045",22,118121,"18.6"
"Catoosa County, GA","13047",25,67420,"37.1"
"Chatham County, GA","13051",67,289195,"23.2"
"Chattooga County, GA","13055",12,24790,"Unreliable"
"Cherokee County, GA","13057",28,254149,"11"
"Clarke County, GA","13059",14,127330,"Unreliable"
"Clayton County, GA","13063",65,289615,"22.4"
"Cobb County, GA","13067",116,756865,"15.3"
"Colquitt County, GA","13071",31,45592,"68"
"Columbia County, GA","13073",41,154291,"26.6"
"Coweta County, GA","13077",30,145864,"20.6"
"Crisp County, GA","13081",15,22601,"Unreliable"
"Decatur County, GA","13087",16,26575,"Unreliable"
"DeKalb County, GA","13089",176,756558,"23.3"
"Dougherty County, GA","13095",69,91243,"75.6"
"Douglas County, GA","13097",25,145331,"17.2"
"Effingham County, GA","13103",14,62190,"Unreliable"
"Emanuel County, GA","13107",10,22612,"Unreliable"
"Fayette County, GA","13113",28,113459,"24.7"
"Floyd County, GA","13115",18,97927,"Unreliable"
"Forsyth County, GA","13117",16,236612,"Unreliable"
"Fulton County, GA","13121",221,1050114,"21"
"Glynn County, GA","13127",19,85219,"Unreliable"
"Gordon County, GA","13129",19,57685,"Unreliable"
"Gwinnett County, GA","13135",154,927781,"16.6"
"Hall County, GA","13139",20,202148,"9.9"
"Henry County, GA","13151",41,230220,"17.8"
"Houston County, GA","13153",34,155469,"21.9"
"Jefferson County, GA","13163",14,15430,"Unreliable"
"Jenkins County, GA","13165",10,8683,"Unreliable"
"Lamar County, GA","13171",13,19000,"Unreliable"
"Liberty County, GA","13179",16,61497,"Unreliable"
"Lowndes County, GA","13185",41,116321,"35.2"
"McDuffie County, GA","13189",10,21531,"Unreliable"
"Madison County, GA","13195",13,29650,"Unreliable"
"Mitchell County, GA","13205",16,22192,"Unreliable"
"Murray County, GA","13213",14,39921,"Unreliable"
"Muscogee County, GA","13215",68,194160,"35"
"Newton County, GA","13217",38,109541,"34.7"
"Paulding County, GA","13223",26,164044,"15.8"
"Peach County, GA","13225",11,27297,"Unreliable"
"Pierce County, GA","13229",13,19389,"Unreliable"
"Richmond County, GA","13245",59,201554,"29.3"
"Rockdale County, GA","13247",27,90594,"29.8"
"Spalding County, GA","13255",33,66100,"49.9"
"Stephens County, GA","13257",10,26035,"Unreliable"
"Sumter County, GA","13261",19,29733,"Unreliable"
"Terrell County, GA","13273",14,8611,"Unreliable"
"Thomas County, GA","13275",13,44448,"Unreliable"
"Tift County, GA","13277",18,40571,"Unreliable"
"Troup County, GA","13285",15,70034,"Unreliable"
"Upson County, GA","13293",12,26215,"Unreliable"
"Walker County, GA","13295",14,69410,"Unreliable"
"Walton County, GA","13297",14,93503,"Unreliable"
"Ware County, GA","13299",10,35680,"Unreliable"
"Washington County, GA","13303",10,20386,"Unreliable"
"Wayne County, GA","13305",12,29808,"Unreliable"
"Whitfield County, GA","13313",16,104062,"Unreliable"
"Worth County, GA","13321",11,20299,"Unreliable"
"Hawaii County, HI","15001",49,200983,"24.4"
"Honolulu County, HI","15003",212,980080,"21.6"
"Kauai County, HI","15007",15,72133,"Unreliable"
"Maui County, HI","15009",40,167207,"23.9"
"Ada County, ID","16001",63,469966,"13.4"
"Bannock County, ID","16005",21,87138,"24.1"
"Bingham County, ID","16011",15,46236,"Unreliable"
"Bonner County, ID","16017",15,44727,"Unreliable"
"Bonneville County, ID","16019",26,116854,"22.2"
"Canyon County, ID","16027",34,223499,"15.2"
"Idaho County, ID","16049",12,16513,"Unreliable"
"Kootenai County, ID","16055",50,161505,"31"
"Nez Perce County, ID","16069",32,40408,"79.2"
"Twin Falls County, ID","16083",27,86081,"31.4"
"Boone County, IL","17007",13,53577,"Unreliable"
"Champaign County, IL","17019",32,209983,"15.2"
"Coles County, IL","17029",12,50885,"Unreliable"
"Cook County, IL","17031",1120,5180493,"21.6"
"DeKalb County, IL","17037",11,104143,"Unreliable"
"DuPage County, IL","17043",128,928589,"13.8"
"Edgar County, IL","17045",10,17360,"Unreliable"
"Effingham County, IL","17049",14,34208,"Unreliable"
"Franklin County, IL","17055",14,38701,"Unreliable"
"Fulton County, IL","17057",10,34844,"Unreliable"
"Grundy County, IL","17063",24,50972,"47.1"
"Henry County, IL","17073",12,49090,"Unreliable"
"Iroquois County, IL","17075",13,27604,"Unreliable"
"Jackson County, IL","17077",17,57419,"Unreliable"
"Kane County, IL","17089",88,534216,"16.5"
"Kankakee County, IL","17091",18,110024,"Unreliable"
"Kendall County, IL","17093",16,127915,"Unreliable"
"Knox County, IL","17095",19,50112,"Unreliable"
"Lake County, IL","17097",128,700832,"18.3"
"LaSalle County, IL","17099",31,109430,"28.3"
"Lawrence County, IL","17101",11,15765,"Unreliable"
"Livingston County, IL","17105",11,35761,"Unreliable"
"McHenry County, IL","17111",63,308570,"20.4"
"McLean County, IL","17113",37,172828,"21.4"
"Macon County, IL","17115",27,104712,"25.8"
"Madison County, IL","17119",77,264461,"29.1"
"Mason County, IL","17125",14,13565,"Unreliable"
"Ogle County, IL","17141",10,50923,"Unreliable"
"Peoria County, IL","17143",45,180621,"24.9"
"Perry County, IL","17145",15,21174,"Unreliable"
"Randolph County, IL","17157",21,32106,"65.4"
"Rock Island County, IL","17161",57,143477,"39.7"
"St. Clair County, IL","17163",105,261059,"40.2"
"Sangamon County, IL","17167",47,195348,"24.1"
"Stephenson County, IL","17177",17,44753,"Unreliable"
"Tazewell County, IL","17179",40,132328,"30.2"
"Vermilion County, IL","17183",33,76806,"43"
"Whiteside County, IL","17195",10,55626,"Unreliable"
"Will County, IL","17197",145,692310,"20.9"
"Williamson County, IL","17199",15,67056,"Unreliable"
"Winnebago County, IL","17201",67,284081,"23.6"
"Adams County, IN","18001",14,35636,"Unreliable"
"Allen County, IN","18003",139,375351,"37"
"Blackford County, IN","18009",15,11930,"Unreliable"
"Boone County, IN","18011",13,66999,"Unreliable"
"Cass County, IN","18017",24,37955,"63.2"
"Clark County, IN","18019",23,117360,"19.6"
"Clay County, IN","18021",11,26170,"Unreliable"
"Daviess County, IN","18027",13,33147,"Unreliable"
"De Kalb County, IN","18033",13,43226,"Unreliable"
"Delaware County, IN","18035",52,114772,"45.3"
"Dubois County, IN","18037",21,42565,"49.3"
"Elkhart County, IN","18039",52,205560,"25.3"
"Floyd County, IN","18043",23,77781,"29.6"
"Fulton County, IN","18049",16,20092,"Unreliable"
"Gibson County, IN","18051",13,33452,"Unreliable"
"Grant County, IN","18053",40,65936,"60.7"
"Hamilton County, IN","18057",56,330086,"17"
"Hancock County, IN","18059",16,76351,"Unreliable"
"Harrison County, IN","18061",10,40350,"Unreliable"
"Hendricks County, IN","18063",44,167009,"26.3"
"Henry County, IN","18065",16,48271,"Unreliable"
"Howard County, IN","18067",30,82366,"36.4"
"Huntington County, IN","18069",12,36240,"Unreliable"
"Jackson County, IN","18071",11,44111,"Unreliable"
"Jay County, IN","18075",12,20764,"Unreliable"
"Johnson County, IN","18081",29,156225,"18.6"
"Knox County, IN","18083",22,36895,"59.6"
"Kosciusko County, IN","18085",35,79344,"44.1"
"Lagrange County, IN","18087",10,39330,"Unreliable"
"Lake County, IN","18089",176,484411,"36.3"
"La Porte County, IN","18091",31,110007,"28.2"
"Lawrence County, IN","18093",23,45668,"50.4"
"Madison County, IN","18095",75,129641,"57.9"
"Marion County, IN","18097",251,954670,"26.3"
"Marshall County, IN","18099",12,46248,"Unreliable"
"Miami County, IN","18103",20,35567,"56.2"
"Monroe County, IN","18105",28,146917,"19.1"
"Noble County, IN","18113",15,47532,"Unreliable"
"Orange County, IN","18117",19,19489,"Unreliable"
"Owen County, IN","18119",18,20845,"Unreliable"
"Perry County, IN","18123",12,19102,"Unreliable"
"Porter County, IN","18127",64,169594,"37.7"
"Randolph County, IN","18135",18,24851,"Unreliable"
"Ripley County, IN","18137",13,28523,"Unreliable"
"St. Joseph County, IN","18141",88,270771,"32.5"
"Scott County, IN","18143",12,23878,"Unreliable"
"Shelby County, IN","18145",18,44593,"Unreliable"
"Tippecanoe County, IN","18157",39,193048,"20.2"
"Vanderburgh County, IN","18163",62,180974,"34.3"
"Vigo County, IN","18167",32,107386,"29.8"
"Wabash County, IN","18169",19,31280,"Unreliable"
"Warrick County, IN","18173",18,62567,"Unreliable"
"Washington County, IN","18175",11,27943,"Unreliable"
"Wayne County, IN","18177",23,65936,"34.9"
"Black Hawk County, IA","19013",37,132408,"27.9"
"Boone County, IA","19015",13,26346,"Unreliable"
"Cerro Gordo County, IA","19033",12,42647,"Unreliable"
"Clayton County, IA","19043",10,17556,"Unreliable"
"Dallas County, IA","19049",15,90180,"Unreliable"
"Des Moines County, IA","19057",26,39138,"66.4"
"Dubuque County, IA","19061",21,96854,"21.7"
"Fayette County, IA","19065",10,19660,"Unreliable"
"Iowa County, IA","19095",11,16141,"Unreliable"
"Johnson County, IA","19103",11,151260,"Unreliable"
"Lee County, IA","19111",21,34055,"61.7"
"Linn County, IA","19113",35,225909,"15.5"
"Madison County, IA","19121",11,16249,"Unreliable"
"Marshall County, IA","19127",13,39981,"Unreliable"
"Muscatine County, IA","19139",30,42929,"69.9"
"O'Brien County, IA","19141",11,13840,"Unreliable"
"Plymouth County, IA","19149",12,25095,"Unreliable"
"Polk County, IA","19153",107,487204,"22"
"Pottawattamie County, IA","19155",29,93533,"31"
"Poweshiek County, IA","19157",12,18699,"Unreliable"
"Scott County, IA","19163",39,173283,"22.5"
"Story County, IA","19169",10,98105,"Unreliable"
"Tama County, IA","19171",11,16904,"Unreliable"
"Warren County, IA","19181",12,51056,"Unreliable"
"Woodbury County, IA","19193",39,102539,"38"
"Allen County, KS","20001",11,12444,"Unreliable"
"Butler County, KS","20015",10,66765,"Unreliable"
"Cherokee County, KS","20021",19,20015,"Unreliable"
"Cowley County, KS","20035",16,35218,"Unreliable"
"Crawford County, KS","20037",18,39019,"Unreliable"
"Douglas County, KS","20045",20,121436,"16.5"
"Finney County, KS","20055",10,36611,"Unreliable"
"Ford County, KS","20057",13,33888,"Unreliable"
"Johnson County, KS","20091",67,597555,"11.2"
"Leavenworth County, KS","20103",17,81352,"Unreliable"
"Lyon County, KS","20111",11,33406,"Unreliable"
"McPherson County, KS","20113",14,28537,"Unreliable"
"Montgomery County, KS","20125",31,32120,"96.5"
"Reno County, KS","20155",21,62342,"33.7"
"Saline County, KS","20169",20,54401,"36.8"
"Sedgwick County, KS","20173",132,513607,"25.7"
"Shawnee County, KS","20177",63,177499,"35.5"
"Sumner County, KS","20191",23,22996,"100"
"Wyandotte County, KS","20209",42,165324,"25.4"
"Allen County, KY","21003",11,21122,"Unreliable"
"Barren County, KY","21009",16,44176,"Unreliable"
"Bell County, KY","21013",19,26569,"Unreliable"
"Boone County, KY","21015",47,131533,"35.7"
"Bourbon County, KY","21017",11,20184,"Unreliable"
"Boyd County, KY","21019",18,47240,"Unreliable"
"Boyle County, KY","21021",15,30100,"Unreliable"
"Bullitt County, KY","21029",21,81069,"25.9"
"Campbell County, KY","21037",20,93152,"21.5"
"Christian County, KY","21047",17,71671,"Unreliable"
"Clay County, KY","21051",16,20105,"Unreliable"
"Crittenden County, KY","21055",11,8915,"Unreliable"
"Daviess County, KY","21059",37,101104,"36.6"
"Fayette County, KY","21067",70,323780,"21.6"
"Floyd County, KY","21071",13,35845,"Unreliable"
"Franklin County, KY","21073",13,50815,"Unreliable"
"Grant County, KY","21081",16,25121,"Unreliable"
"Graves County, KY","21083",11,37317,"Unreliable"
"Grayson County, KY","21085",10,26321,"Unreliable"
"Greenup County, KY","21089",26,35268,"73.7"
"Hardin County, KY","21093",36,110356,"32.6"
"Harlan County, KY","21095",22,26409,"83.3"
"Henderson County, KY","21101",23,45591,"50.4"
"Hopkins County, KY","21107",12,45068,"Unreliable"
"Jefferson County, KY","21111",173,770517,"22.5"
"Jessamine County, KY","21113",13,53920,"Unreliable"
"Johnson County, KY","21115",16,22386,"Unreliable"
"Kenton County, KY","21117",58,166051,"34.9"
"Knott County, KY","21119",10,15126,"Unreliable"
"Knox County, KY","21121",22,31304,"70.3"
"Lawrence County, KY","21127",11,15571,"Unreliable"
"Letcher County, KY","21133",34,21899,"155.3"
"Logan County, KY","21141",16,26989,"Unreliable"
"McCracken County, KY","21145",31,65346,"47.4"
"Madison County, KY","21151",12,92368,"Unreliable"
"Marion County, KY","21155",11,19404,"Unreliable"
"Marshall County, KY","21157",14,31191,"Unreliable"
"Mercer County, KY","21167",15,21774,"Unreliable"
"Muhlenberg County, KY","21177",10,30774,"Unreliable"
"Nelson County, KY","21179",19,45851,"Unreliable"
"Oldham County, KY","21185",16,66470,"Unreliable"
"Perry County, KY","21193",21,26092,"80.5"
"Pike County, KY","21195",21,58402,"36"
"Pulaski County, KY","21199",50,64623,"77.4"
"Rowan County, KY","21205",13,24583,"Unreliable"
"Scott County, KY","21209",11,56031,"Unreliable"
"Taylor County, KY","21217",11,25549,"Unreliable"
"Todd County, KY","21219",10,12311,"Unreliable"
"Union County, KY","21225",10,14505,"Unreliable"
"Warren County, KY","21227",31,131264,"23.6"
"Washington County, KY","21229",10,12084,"Unreliable"
"Webster County, KY","21233",10,13111,"Unreliable"
"Acadia Parish, LA","22001",10,62190,"Unreliable"
"Allen Parish, LA","22003",11,25605,"Unreliable"
"Ascension Parish, LA","22005",11,124672,"Unreliable"
"Avoyelles Parish, LA","22009",16,40462,"Unreliable"
"Bossier Parish, LA","22015",23,127185,"18.1"
"Caddo Parish, LA","22017",260,242922,"107"
"Calcasieu Parish, LA","22019",30,203112,"14.8"
"Concordia Parish, LA","22029",15,19572,"Unreliable"
"De Soto Parish, LA","22031",11,27436,"Unreliable"
"East Baton Rouge Parish, LA","22033",25,440956,"5.7"
"Iberia Parish, LA","22045",11,70941,"Unreliable"
"Iberville Parish, LA","22047",14,32721,"Unreliable"
"Jefferson Parish, LA","22051",91,434051,"21"
"Jefferson Davis Parish, LA","22053",19,31582,"Unreliable"
"Lafayette Parish, LA","22055",61,242782,"25.1"
"Lafourche Parish, LA","22057",25,98115,"25.5"
"Lincoln Parish, LA","22061",31,47196,"65.7"
"Livingston Parish, LA","22063",12,139567,"Unreliable"
"Morehouse Parish, LA","22067",22,25398,"86.6"
"Natchitoches Parish, LA","22069",11,38659,"Unreliable"
"Orleans Parish, LA","22071",130,391006,"33.2"
"Ouachita Parish, LA","22073",177,154475,"114.6"
"Rapides Parish, LA","22079",22,130562,"16.9"
"St. Charles Parish, LA","22089",12,52879,"Unreliable"
"St. Helena Parish, LA","22091",12,10262,"Unreliable"
"St. John the Baptist Parish, LA","22095",15,43184,"Unreliable"
"St. Landry Parish, LA","22097",14,82764,"Unreliable"
"St. Mary Parish, LA","22101",26,49774,"52.2"
"St. Tammany Parish, LA","22103",47,258111,"18.2"
"Tangipahoa Parish, LA","22105",32,133777,"23.9"
"Terrebonne Parish, LA","22109",31,111021,"27.9"
"Union Parish, LA","22111",14,22330,"Unreliable"
"Vermilion Parish, LA","22113",15,59830,"Unreliable"
"Vernon Parish, LA","22115",16,48860,"Unreliable"
"Washington Parish, LA","22117",17,46582,"Unreliable"
"Webster Parish, LA","22119",32,38798,"82.5"
"Androscoggin County, ME","23001",36,107679,"33.4"
"Aroostook County, ME","23003",28,67111,"41.7"
"Cumberland County, ME","23005",83,293557,"28.3"
"Franklin County, ME","23007",15,29897,"Unreliable"
"Hancock County, ME","23009",17,54811,"Unreliable"
"Kennebec County, ME","23011",62,122083,"50.8"
"Knox County, ME","23013",10,39771,"Unreliable"
"Lincoln County, ME","23015",11,34342,"Unreliable"
"Oxford County, ME","23017",30,57618,"52.1"
"Penobscot County, ME","23019",63,151096,"41.7"
"Somerset County, ME","23025",15,50592,"Unreliable"
"Waldo County, ME","23027",15,39694,"Unreliable"
"Washington County, ME","23029",10,31490,"Unreliable"
"York County, ME","23031",67,206229,"32.5"
"Allegany County, MD","24001",21,70975,"29.6"
"Anne Arundel County, MD","24003",119,576031,"20.7"
"Baltimore County, MD","24005",194,828431,"23.4"
"Calvert County, MD","24009",23,92003,"25"
"Carroll County, MD","24013",37,168429,"22"
"Cecil County, MD","24015",25,102826,"24.3"
"Charles County, MD","24017",47,161503,"29.1"
"Frederick County, MD","24021",64,255648,"25"
"Garrett County, MD","24023",14,29163,"Unreliable"
"Harford County, MD","24025",48,253956,"18.9"
"Howard County, MD","24027",52,323196,"16.1"
"Montgomery County, MD","24031",127,1052567,"12.1"
"Prince George's County, MD","24033",245,909308,"26.9"
"St. Mary's County, MD","24037",44,112664,"39.1"
"Talbot County, MD","24041",11,36968,"Unreliable"
"Washington County, MD","24043",65,150926,"43.1"
"Wicomico County, MD","24045",18,103195,"Unreliable"
"Worcester County, MD","24047",13,51823,"Unreliable"
"Baltimore city, MD","24510",223,602495,"37"
"Barnstable County, MA","25001",48,213413,"22.5"
"Berkshire County, MA","25003",41,126348,"32.5"
"Bristol County, MA","25005",139,564022,"24.6"
"Essex County, MA","25009",156,790638,"19.7"
"Franklin County, MA","25011",12,70963,"Unreliable"
"Hampden County, MA","25013",125,470406,"26.6"
"Hampshire County, MA","25015",25,161355,"15.5"
"Middlesex County, MA","25017",296,1614714,"18.3"
"Norfolk County, MA","25021",125,705388,"17.7"
"Plymouth County, MA","25023",96,518132,"18.5"
"Suffolk County, MA","25025",162,807252,"20.1"
"Worcester County, MA","25027",161,830839,"19.4"
"Allegan County, MI","26005",31,117327,"26.4"
"Alpena County, MI","26007",16,28360,"Unreliable"
"Barry County, MI","26015",30,61157,"49.1"
"Bay County, MI","26017",45,103923,"43.3"
"Berrien County, MI","26021",49,154141,"31.8"
"Calhoun County, MI","26025",50,134487,"37.2"
"Cass County, MI","26027",14,51653,"Unreliable"
"Chippewa County, MI","26033",18,37517,"Unreliable"
"Clare County, MI","26035",24,30757,"78"
"Clinton County, MI","26037",22,79332,"27.7"
"Delta County, MI","26041",16,35857,"Unreliable"
"Eaton County, MI","26045",45,109826,"41"
"Genesee County, MI","26049",197,406892,"48.4"
"Grand Traverse County, MI","26055",27,92573,"29.2"
"Gratiot County, MI","26057",13,40599,"Unreliable"
"Hillsdale County, MI","26059",13,45749,"Unreliable"
"Houghton County, MI","26061",18,36219,"Unreliable"
"Huron County, MI","26063",13,31166,"Unreliable"
"Ingham County, MI","26065",69,292735,"23.6"
"Ionia County, MI","26067",28,64210,"43.6"
"Isabella County, MI","26073",22,70562,"31.2"
"Jackson County, MI","26075",63,158823,"39.7"
"Kalamazoo County, MI","26077",67,264870,"25.3"
"Kent County, MI","26081",81,653786,"12.4"
"Lapeer County, MI","26087",25,88028,"28.4"
"Lenawee County, MI","26091",32,98266,"32.6"
"Livingston County, MI","26093",32,191224,"16.7"
"Macomb County, MI","26099",255,874759,"29.2"
"Marquette County, MI","26103",19,66516,"Unreliable"
"Mason County, MI","26105",14,29100,"Unreliable"
"Mecosta County, MI","26107",12,43545,"Unreliable"
"Midland County, MI","26111",27,83209,"32.4"
"Monroe County, MI","26115",58,150439,"38.6"
"Montcalm County, MI","26117",30,63968,"46.9"
"Muskegon County, MI","26121",62,173588,"35.7"
"Newaygo County, MI","26123",17,48892,"Unreliable"
"Oakland County, MI","26125",270,1259201,"21.4"
"Osceola County, MI","26133",14,23341,"Unreliable"
"Ottawa County, MI","26139",45,290494,"15.5"
"Saginaw County, MI","26145",67,190800,"35.1"
"St. Clair County, MI","26147",68,159337,"42.7"
"St. Joseph County, MI","26149",23,61043,"37.7"
"Sanilac County, MI","26151",15,41182,"Unreliable"
"Shiawassee County, MI","26155",35,68192,"51.3"
"Tuscola County, MI","26157",12,52516,"Unreliable"
"Van Buren County, MI","26159",22,75448,"29.2"
"Washtenaw County, MI","26161",31,370963,"8.4"
"Wayne County, MI","26163",497,1753893,"28.3"
"Anoka County, MN","27003",56,353813,"15.8"
"Becker County, MN","27005",14,34371,"Unreliable"
"Beltrami County, MN","27007",12,46847,"Unreliable"
"Benton County, MN","27009",19,40545,"Unreliable"
"Blue Earth County, MN","27013",11,67427,"Unreliable"
"Brown County, MN","27015",13,25111,"Unreliable"
"Carlton County, MN","27017",13,35837,"Unreliable"
"Carver County, MN","27019",16,103551,"Unreliable"
"Cass County, MN","27021",14,29519,"Unreliable"
"Chisago County, MN","27025",13,55922,"Unreliable"
"Clay County, MN","27027",13,63955,"Unreliable"
"Crow Wing County, MN","27035",23,64889,"35.4"
"Dakota County, MN","27037",62,425423,"14.6"
"Freeborn County, MN","27047",15,30444,"Unreliable"
"Hennepin County, MN","27053",240,1259428,"19.1"
"Isanti County, MN","27059",13,39966,"Unreliable"
"Itasca County, MN","27061",12,45108,"Unreliable"
"Kandiyohi County, MN","27067",16,42855,"Unreliable"
"Lyon County, MN","27083",10,25629,"Unreliable"
"McLeod County, MN","27085",10,35873,"Unreliable"
"Meeker County, MN","27093",15,23141,"Unreliable"
"Morrison County, MN","27097",19,33169,"Unreliable"
"Mower County, MN","27099",16,40011,"Unreliable"
"Nobles County, MN","27105",11,21924,"Unreliable"
"Olmsted County, MN","27109",19,156277,"Unreliable"
"Otter Tail County, MN","27111",15,58812,"Unreliable"
"Pine County, MN","27115",11,29483,"Unreliable"
"Polk County, MN","27119",12,31529,"Unreliable"
"Ramsey County, MN","27123",131,550210,"23.8"
"Renville County, MN","27129",11,14612,"Unreliable"
"Rice County, MN","27131",18,66523,"Unreliable"
"St. Louis County, MN","27137",62,199754,"31"
"Scott County, MN","27139",17,147381,"Unreliable"
"Sherburne County, MN","27141",26,96036,"27.1"
"Stearns County, MN","27145",41,159256,"25.7"
"Steele County, MN","27147",11,36803,"Unreliable"
"Washington County, MN","27163",46,259201,"17.7"
"Wright County, MN","27171",21,136349,"15.4"
"Adams County, MS","28001",38,31192,"121.8"
"Attala County, MS","28007",12,18365,"Unreliable"
"Bolivar County, MS","28011",15,31333,"Unreliable"
"Clay County, MS","28025",14,19386,"Unreliable"
"Coahoma County, MS","28027",29,22628,"128.2"
"DeSoto County, MS","28033",23,182001,"12.6"
"Forrest County, MS","28035",27,75036,"36"
"Franklin County, MS","28037",14,7788,"Unreliable"
"George County, MS","28039",14,24250,"Unreliable"
"Hancock County, MS","28045",10,47334,"Unreliable"
"Harrison County, MS","28047",24,206650,"11.6"
"Hinds County, MS","28049",62,237085,"26.2"
"Jackson County, MS","28059",48,143277,"33.5"
"Jones County, MS","28067",23,68461,"33.6"
"Lauderdale County, MS","28075",12,75317,"Unreliable"
"Lee County, MS","28081",18,85202,"Unreliable"
"Leflore County, MS","28083",24,28919,"83"
"Lincoln County, MS","28085",23,34205,"67.2"
"Lowndes County, MS","28087",13,58930,"Unreliable"
"Madison County, MS","28089",61,105630,"57.7"
"Marshall County, MS","28093",25,35451,"70.5"
"Monroe County, MS","28095",15,35564,"Unreliable"
"Montgomery County, MS","28097",10,10023,"Unreliable"
"Neshoba County, MS","28099",17,29125,"Unreliable"
"Newton County, MS","28101",11,21443,"Unreliable"
"Oktibbeha County, MS","28105",20,49599,"40.3"
"Pearl River County, MS","28109",18,55387,"Unreliable"
"Pike County, MS","28113",49,39563,"123.9"
"Pontotoc County, MS","28115",13,31833,"Unreliable"
"Rankin County, MS","28121",35,153902,"22.7"
"Scott County, MS","28123",13,28287,"Unreliable"
"Stone County, MS","28131",11,18717,"Unreliable"
"Sunflower County, MS","28133",15,25735,"Unreliable"
"Tallahatchie County, MS","28135",15,13987,"Unreliable"
"Warren County, MS","28149",24,46176,"52"
"Washington County, MS","28151",43,45063,"95.4"
"Yazoo County, MS","28163",24,28248,"85"
"Adair County, MO","29001",10,25339,"Unreliable"
"Barry County, MO","29009",14,35886,"Unreliable"
"Boone County, MO","29019",37,180005,"20.6"
"Buchanan County, MO","29021",48,88571,"54.2"
"Butler County, MO","29023",21,42639,"49.3"
"Callaway County, MO","29027",18,44889,"Unreliable"
"Camden County, MO","29029",15,45815,"Unreliable"
"Cass County, MO","29037",20,104954,"19.1"
"Christian County, MO","29043",18,86983,"Unreliable"
"Clay County, MO","29047",42,246365,"17"
"Cole County, MO","29051",27,76796,"35.2"
"Dent County, MO","29065",12,15441,"Unreliable"
"Dunklin County, MO","29069",12,29423,"Unreliable"
"Franklin County, MO","29071",23,103670,"22.2"
"Greene County, MO","29077",67,291923,"23"
"Howell County, MO","29091",22,40076,"54.9"
"Jackson County, MO","29095",134,700307,"19.1"
"Jasper County, MO","29097",26,120636,"21.6"
"Jefferson County, MO","29099",48,224347,"21.4"
"Johnson County, MO","29101",12,53652,"Unreliable"
"Laclede County, MO","29105",16,35713,"Unreliable"
"Lafayette County, MO","29107",12,32598,"Unreliable"
"Lawrence County, MO","29109",15,38359,"Unreliable"
"Lincoln County, MO","29113",14,57686,"Unreliable"
"Marion County, MO","29127",12,28592,"Unreliable"
"Miller County, MO","29131",15,25336,"Unreliable"
"Moniteau County, MO","29135",26,16121,"161.3"
"Morgan County, MO","29141",10,20358,"Unreliable"
"Newton County, MO","29145",16,58266,"Unreliable"
"Pettis County, MO","29159",11,42542,"Unreliable"
"Phelps County, MO","29161",29,44732,"64.8"
"Pike County, MO","29163",12,18504,"Unreliable"
"Platte County, MO","29165",17,102985,"Unreliable"
"Pulaski County, MO","29169",19,52014,"Unreliable"
"St. Charles County, MO","29183",59,399182,"14.8"
"St. Francois County, MO","29187",23,66692,"34.5"
"St. Louis County, MO","29189",231,996945,"23.2"
"Saline County, MO","29195",20,22895,"87.4"
"Scott County, MO","29201",11,38458,"Unreliable"
"Wayne County, MO","29223",15,13122,"Unreliable"
"Webster County, MO","29225",12,39109,"Unreliable"
"St. Louis city, MO","29510",77,302838,"25.4"
"Big Horn County, MT","30003",11,13338,"Unreliable"
"Cascade County, MT","30013",28,81643,"34.3"
"Flathead County, MT","30029",12,102106,"Unreliable"
"Gallatin County, MT","30031",13,111876,"Unreliable"
"Lake County, MT","30047",10,30250,"Unreliable"
"Lewis and Clark County, MT","30049",16,68700,"Unreliable"
"Missoula County, MT","30063",21,118791,"17.7"
"Yellowstone County, MT","30111",47,160137,"29.3"
"Adams County, NE","31001",13,31511,"Unreliable"
"Dodge County, NE","31053",21,36791,"57.1"
"Douglas County, NE","31055",178,566880,"31.4"
"Hall County, NE","31079",29,61607,"47.1"
"Lancaster County, NE","31109",65,317272,"20.5"
"Lincoln County, NE","31111",18,35185,"Unreliable"
"Sarpy County, NE","31153",27,184459,"14.6"
"Scotts Bluff County, NE","31157",14,35989,"Unreliable"
"Clark County, NV","32003",442,2231647,"19.8"
"Douglas County, NV","32005",13,48467,"Unreliable"
"Elko County, NV","32007",10,52460,"Unreliable"
"Lyon County, NV","32019",26,55808,"46.6"
"Nye County, NV","32023",24,45346,"52.9"
"Washoe County, NV","32031",103,465735,"22.1"
"Carson City, NV","32510",25,55414,"45.1"
"Belknap County, NH","33001",21,61022,"34.4"
"Cheshire County, NH","33005",20,76493,"26.1"
"Grafton County, NH","33009",19,89786,"Unreliable"
"Hillsborough County, NH","33011",99,415247,"23.8"
"Merrimack County, NH","33013",51,151132,"33.7"
"Rockingham County, NH","33015",54,309176,"17.5"
"Strafford County, NH","33017",28,130090,"21.5"
"Atlantic County, NJ","34001",64,265429,"24.1"
"Bergen County, NJ","34003",160,936692,"17.1"
"Burlington County, NJ","34005",103,445384,"23.1"
"Camden County, NJ","34007",100,507078,"19.7"
"Cape May County, NJ","34009",13,92560,"Unreliable"
"Cumberland County, NJ","34011",38,150972,"25.2"
"Essex County, NJ","34013",182,799767,"22.8"
"Gloucester County, NJ","34015",60,291408,"20.6"
"Hudson County, NJ","34017",161,676061,"23.8"
"Hunterdon County, NJ","34019",16,124714,"Unreliable"
"Mercer County, NJ","34021",66,369811,"17.8"
"Middlesex County, NJ","34023",149,829685,"18"
"Monmouth County, NJ","34025",123,621354,"19.8"
"Morris County, NJ","34027",85,494228,"17.2"
"Ocean County, NJ","34029",153,601651,"25.4"
"Passaic County, NJ","34031",127,503310,"25.2"
"Salem County, NJ","34033",17,62607,"Unreliable"
"Somerset County, NJ","34035",50,331164,"15.1"
"Sussex County, NJ","34037",37,140799,"26.3"
"Union County, NJ","34039",147,558067,"26.3"
"Warren County, NJ","34041",29,105779,"27.4"
"Bernalillo County, NM","35001",155,678701,"22.8"
"Chaves County, NM","35005",20,64689,"30.9"
"Cibola County, NM","35006",18,26746,"Unreliable"
"Curry County, NM","35009",19,49437,"Unreliable"
"Dona Ana County, NM","35013",75,217522,"34.5"
"Eddy County, NM","35015",15,57900,"Unreliable"
"Grant County, NM","35017",11,27346,"Unreliable"
"Lea County, NM","35025",23,69611,"33"
"Luna County, NM","35029",20,23963,"83.5"
"McKinley County, NM","35031",44,72290,"60.9"
"Otero County, NM","35035",27,66781,"40.4"
"Rio Arriba County, NM","35039",18,39006,"Unreliable"
"Sandoval County, NM","35043",43,145179,"29.6"
"San Juan County, NM","35045",57,125043,"45.6"
"San Miguel County, NM","35047",11,27591,"Unreliable"
"Santa Fe County, NM","35049",45,150056,"30"
"Taos County, NM","35055",17,32835,"Unreliable"
"Valencia County, NM","35061",22,76456,"28.8"
"Albany County, NY","36001",90,307117,"29.3"
"Allegany County, NY","36003",21,46430,"45.2"
"Bronx County, NY","36005",376,1432132,"26.3"
"Broome County, NY","36007",63,191659,"32.9"
"Cattaraugus County, NY","36009",25,76840,"32.5"
"Cayuga County, NY","36011",13,77145,"Unreliable"
"Chautauqua County, NY","36013",59,127939,"46.1"
"Chemung County, NY","36015",14,84254,"Unreliable"
"Chenango County, NY","36017",19,47536,"Unreliable"
"Clinton County, NY","36019",22,80695,"27.3"
"Columbia County, NY","36021",20,59916,"33.4"
"Cortland County, NY","36023",10,47823,"Unreliable"
"Delaware County, NY","36025",14,44527,"Unreliable"
"Dutchess County, NY","36027",54,293718,"18.4"
"Erie County, NY","36029",274,919719,"29.8"
"Essex County, NY","36031",15,37300,"Unreliable"
"Franklin County, NY","36033",13,50293,"Unreliable"
"Fulton County, NY","36035",16,53591,"Unreliable"
"Genesee County, NY","36037",26,57511,"45.2"
"Greene County, NY","36039",11,47491,"Unreliable"
"Herkimer County, NY","36043",25,61833,"40.4"
"Jefferson County, NY","36045",33,111755,"29.5"
"Kings County, NY","36047",682,2582830,"26.4"
"Livingston County, NY","36051",10,63227,"Unreliable"
"Madison County, NY","36053",12,70795,"Unreliable"
"Monroe County, NY","36055",141,742474,"19"
"Montgomery County, NY","36057",14,49455,"Unreliable"
"Nassau County, NY","36059",209,1358343,"15.4"
"New York County, NY","36061",314,1628701,"19.3"
"Niagara County, NY","36063",62,210433,"29.5"
"Oneida County, NY","36065",73,229577,"31.8"
"Onondaga County, NY","36067",98,461809,"21.2"
"Ontario County, NY","36069",29,109864,"26.4"
"Orange County, NY","36071",62,381951,"16.2"
"Orleans County, NY","36073",11,40612,"Unreliable"
"Oswego County, NY","36075",31,117898,"26.3"
"Otsego County, NY","36077",25,59749,"41.8"
"Putnam County, NY","36079",14,98892,"Unreliable"
"Queens County, NY","36081",467,2278906,"20.5"
"Rensselaer County, NY","36083",31,159442,"19.4"
"Richmond County, NY","36085",139,476179,"29.2"
"Rockland County, NY","36087",61,325695,"18.7"
"St. Lawrence County, NY","36089",51,108047,"47.2"
"Saratoga County, NY","36091",42,230163,"18.2"
"Schenectady County, NY","36093",52,155350,"33.5"
"Schoharie County, NY","36095",13,31097,"Unreliable"
"Schuyler County, NY","36097",10,17912,"Unreliable"
"Seneca County, NY","36099",17,34300,"Unreliable"
"Steuben County, NY","36101",24,95796,"25.1"
"Suffolk County, NY","36103",238,1481093,"16.1"
"Sullivan County, NY","36105",23,75498,"30.5"
"Tioga County, NY","36107",14,48560,"Unreliable"
"Tompkins County, NY","36109",20,102793,"19.5"
"Ulster County, NY","36111",41,178599,"23"
"Warren County, NY","36113",22,64265,"34.2"
"Washington County, NY","36115",31,61197,"50.7"
"Wayne County, NY","36117",34,90064,"37.8"
"Westchester County, NY","36119",161,967612,"16.6"
"Wyoming County, NY","36121",16,40085,"Unreliable"
"Alamance County, NC","37001",56,166436,"33.6"
"Anson County, NC","37007",14,24877,"Unreliable"
"Beaufort County, NC","37013",13,47079,"Unreliable"
"Bertie County, NC","37015",23,19026,"120.9"
"Bladen County, NC","37017",20,33190,"60.3"
"Brunswick County, NC","37019",39,136744,"28.5"
"Buncombe County, NC","37021",59,259103,"22.8"
"Burke County, NC","37023",29,90382,"32.1"
"Cabarrus County, NC","37025",30,211342,"14.2"
"Caldwell County, NC","37027",36,82029,"43.9"
"Carteret County, NC","37031",22,69524,"31.6"
"Caswell County, NC","37033",10,22698,"Unreliable"
"Catawba County, NC","37035",46,158652,"29"
"Chatham County, NC","37037",25,73139,"34.2"
"Cleveland County, NC","37045",45,97645,"46.1"
"Columbus County, NC","37047",27,55655,"48.5"
"Craven County, NC","37049",48,102912,"46.6"
"Cumberland County, NC","37051",123,332330,"37"
"Davidson County, NC","37057",52,166614,"31.2"
"Davie County, NC","37059",12,42733,"Unreliable"
"Duplin County, NC","37061",16,58856,"Unreliable"
"Durham County, NC","37063",59,316739,"18.6"
"Edgecombe County, NC","37065",23,52005,"44.2"
"Forsyth County, NC","37067",111,379099,"29.3"
"Franklin County, NC","37069",20,67560,"29.6"
"Gaston County, NC","37071",75,222846,"33.7"
"Granville County, NC","37077",16,60115,"Unreliable"
"Guilford County, NC","37081",159,533670,"29.8"
"Halifax County, NC","37083",33,50574,"65.3"
"Harnett County, NC","37085",50,134214,"37.3"
"Haywood County, NC","37087",17,61971,"Unreliable"
"Henderson County, NC","37089",32,116748,"27.4"
"Hertford County, NC","37091",14,23659,"Unreliable"
"Hoke County, NC","37093",13,54764,"Unreliable"
"Iredell County, NC","37097",52,178435,"29.1"
"Jackson County, NC","37099",10,43327,"Unreliable"
"Johnston County, NC","37101",52,202675,"25.7"
"Lee County, NC","37105",21,61452,"34.2"
"Lenoir County, NC","37107",19,55976,"Unreliable"
"Lincoln County, NC","37109",29,83770,"34.6"
"McDowell County, NC","37111",20,45507,"43.9"
"Macon County, NC","37113",11,35285,"Unreliable"
"Martin County, NC","37117",13,22671,"Unreliable"
"Mecklenburg County, NC","37119",191,1093901,"17.5"
"Montgomery County, NC","37123",12,27271,"Unreliable"
"Moore County, NC","37125",28,98682,"28.4"
"Nash County, NC","37127",27,94016,"28.7"
"New Hanover County, NC","37129",51,232274,"22"
"Northampton County, NC","37131",19,19676,"Unreliable"
"Onslow County, NC","37133",48,197683,"24.3"
"Orange County, NC","37135",30,146027,"20.5"
"Pamlico County, NC","37137",10,12670,"Unreliable"
"Pasquotank County, NC","37139",18,39639,"Unreliable"
"Pender County, NC","37141",25,62162,"40.2"
"Person County, NC","37145",16,39507,"Unreliable"
"Pitt County, NC","37147",52,179914,"28.9"
"Randolph County, NC","37151",46,143351,"32.1"
"Richmond County, NC","37153",21,44887,"46.8"
"Robeson County, NC","37155",65,131831,"49.3"
"Rockingham County, NC","37157",40,90690,"44.1"
"Rowan County, NC","37159",48,141262,"34"
"Rutherford County, NC","37161",15,66826,"Unreliable"
"Sampson County, NC","37163",47,63626,"73.9"
"Scotland County, NC","37165",16,34810,"Unreliable"
"Stanly County, NC","37167",20,62075,"32.2"
"Stokes County, NC","37169",13,45467,"Unreliable"
"Surry County, NC","37171",31,71948,"43.1"
"Union County, NC","37179",41,235908,"17.4"
"Vance County, NC","37181",18,44582,"Unreliable"
"Wake County, NC","37183",168,1092305,"15.4"
"Watauga County, NC","37189",10,55945,"Unreliable"
"Wayne County, NC","37191",60,123248,"48.7"
"Wilkes County, NC","37193",29,68557,"42.3"
"Wilson County, NC","37195",47,81455,"57.7"
"Yadkin County, NC","37197",21,37543,"55.9"
"Burleigh County, ND","38015",30,95273,"31.5"
"Cass County, ND","38017",26,181516,"14.3"
"Grand Forks County, ND","38035",10,70770,"Unreliable"
"Morton County, ND","38059",10,31095,"Unreliable"
"Rolette County, ND","38079",14,14301,"Unreliable"
"Stutsman County, ND","38093",10,20917,"Unreliable"
"Ward County, ND","38101",17,67744,"Unreliable"
"Adams County, OH","39001",10,27724,"Unreliable"
"Allen County, OH","39003",36,102663,"35.1"
"Ashland County, OH","39005",19,53745,"Unreliable"
"Ashtabula County, OH","39007",35,97493,"35.9"
"Athens County, OH","39009",22,65818,"33.4"
"Auglaize County, OH","39011",18,45804,"Unreliable"
"Belmont County, OH","39013",39,67505,"57.8"
"Brown County, OH","39015",16,43602,"Unreliable"
"Butler County, OH","39017",88,382378,"23"
"Carroll County, OH","39019",13,27081,"Unreliable"
"Champaign County, OH","39021",19,38754,"Unreliable"
"Clark County, OH","39023",65,134585,"48.3"
"Clermont County, OH","39025",40,205466,"19.5"
"Clinton County, OH","39027",21,42057,"49.9"
"Columbiana County, OH","39029",37,102665,"36"
"Coshocton County, OH","39031",16,36629,"Unreliable"
"Crawford County, OH","39033",18,41550,"Unreliable"
"Cuyahoga County, OH","39035",391,1243857,"31.4"
"Darke County, OH","39037",18,51323,"Unreliable"
"Defiance County, OH","39039",13,38165,"Unreliable"
"Delaware County, OH","39041",18,204826,"Unreliable"
"Erie County, OH","39043",32,74615,"42.9"
"Fairfield County, OH","39045",49,155782,"31.5"
"Franklin County, OH","39049",312,1310300,"23.8"
"Fulton County, OH","39051",19,42276,"Unreliable"
"Geauga County, OH","39055",25,94031,"26.6"
"Greene County, OH","39057",43,167995,"25.6"
"Guernsey County, OH","39059",21,39022,"53.8"
"Hamilton County, OH","39061",224,816684,"27.4"
"Hancock County, OH","39063",27,75930,"35.6"
"Harrison County, OH","39067",12,15174,"Unreliable"
"Highland County, OH","39071",17,43058,"Unreliable"
"Huron County, OH","39077",15,58504,"Unreliable"
"Jackson County, OH","39079",15,32384,"Unreliable"
"Jefferson County, OH","39081",36,65767,"54.7"
"Knox County, OH","39083",22,61893,"35.5"
"Lake County, OH","39085",46,230514,"20"
"Lawrence County, OH","39087",28,59866,"46.8"
"Licking County, OH","39089",60,175769,"34.1"
"Logan County, OH","39091",14,45358,"Unreliable"
"Lorain County, OH","39093",97,309461,"31.3"
"Lucas County, OH","39095",187,429899,"43.5"
"Madison County, OH","39097",13,44413,"Unreliable"
"Mahoning County, OH","39099",92,229642,"40.1"
"Marion County, OH","39101",26,65256,"39.8"
"Medina County, OH","39103",42,179146,"23.4"
"Meigs County, OH","39105",14,23106,"Unreliable"
"Mercer County, OH","39107",10,40959,"Unreliable"
"Miami County, OH","39109",21,106222,"19.8"
"Montgomery County, OH","39113",218,532331,"41"
"Morrow County, OH","39117",14,35112,"Unreliable"
"Muskingum County, OH","39119",24,86183,"27.8"
"Ottawa County, OH","39123",19,40769,"Unreliable"
"Pickaway County, OH","39129",17,58086,"Unreliable"
"Pike County, OH","39131",11,28067,"Unreliable"
"Portage County, OH","39133",43,162927,"26.4"
"Preble County, OH","39135",13,40997,"Unreliable"
"Putnam County, OH","39137",17,33780,"Unreliable"
"Richland County, OH","39139",28,121099,"23.1"
"Ross County, OH","39141",32,76931,"41.6"
"Sandusky County, OH","39143",34,58799,"57.8"
"Scioto County, OH","39145",55,75502,"72.8"
"Seneca County, OH","39147",16,55207,"Unreliable"
"Shelby County, OH","39149",30,48627,"61.7"
"Stark County, OH","39151",139,371574,"37.4"
"Summit County, OH","39153",172,541918,"31.7"
"Trumbull County, OH","39155",72,198627,"36.2"
"Tuscarawas County, OH","39157",94,92176,"102"
"Union County, OH","39159",18,57835,"Unreliable"
"Vinton County, OH","39163",10,13139,"Unreliable"
"Warren County, OH","39165",44,232173,"19"
"Washington County, OH","39167",31,60155,"51.5"
"Wayne County, OH","39169",50,115967,"43.1"
"Williams County, OH","39171",31,36804,"84.2"
"Wood County, OH","39173",43,130696,"32.9"
"Adair County, OK","40001",11,22082,"Unreliable"
"Beckham County, OK","40009",10,21709,"Unreliable"
"Bryan County, OK","40013",16,47192,"Unreliable"
"Caddo County, OK","40015",14,28977,"Unreliable"
"Canadian County, OK","40017",49,144447,"33.9"
"Carter County, OK","40019",11,48177,"Unreliable"
"Cherokee County, OK","40021",17,48675,"Unreliable"
"Cleveland County, OK","40027",81,281669,"28.8"
"Comanche County, OK","40031",42,120422,"34.9"
"Creek County, OK","40037",27,71604,"37.7"
"Custer County, OK","40039",20,29036,"68.9"
"Delaware County, OK","40041",27,42733,"63.2"
"Garfield County, OK","40047",25,60913,"41"
"Garvin County, OK","40049",11,27811,"Unreliable"
"Grady County, OK","40051",11,55551,"Unreliable"
"Jackson County, OK","40065",17,24949,"Unreliable"
"Kay County, OK","40071",22,44161,"49.8"
"Kiowa County, OK","40075",10,8729,"Unreliable"
"Le Flore County, OK","40079",13,49980,"Unreliable"
"Logan County, OK","40083",16,47291,"Unreliable"
"McCurtain County, OK","40089",15,32703,"Unreliable"
"McIntosh County, OK","40091",12,19815,"Unreliable"
"Mayes County, OK","40097",13,41107,"Unreliable"
"Murray County, OK","40099",10,13953,"Unreliable"
"Muskogee County, OK","40101",35,68362,"51.2"
"Oklahoma County, OK","40109",264,792582,"33.3"
"Okmulgee County, OK","40111",19,38335,"Unreliable"
"Osage County, OK","40113",11,47014,"Unreliable"
"Ottawa County, OK","40115",13,31175,"Unreliable"
"Payne County, OK","40119",19,82040,"Unreliable"
"Pittsburg County, OK","40121",22,43877,"50.1"
"Pontotoc County, OK","40123",20,38247,"52.3"
"Pottawatomie County, OK","40125",26,72679,"35.8"
"Rogers County, OK","40131",20,91984,"21.7"
"Sequoyah County, OK","40135",17,41179,"Unreliable"
"Stephens County, OK","40137",22,43265,"50.8"
"Tulsa County, OK","40143",145,648360,"22.4"
"Wagoner County, OK","40145",17,80110,"Unreliable"
"Washington County, OK","40147",16,51843,"Unreliable"
"Benton County, OR","41003",15,92101,"Unreliable"
"Clackamas County, OR","41005",114,416075,"27.4"
"Clatsop County, OR","41007",17,39764,"Unreliable"
"Columbia County, OR","41009",17,52377,"Unreliable"
"Coos County, OR","41011",30,64389,"46.6"
"Deschutes County, OR","41017",34,191996,"17.7"
"Douglas County, OR","41019",66,110283,"59.8"
"Jackson County, OR","41029",69,219564,"31.4"
"Jefferson County, OR","41031",13,24192,"Unreliable"
"Josephine County, OR","41033",45,87393,"51.5"
"Klamath County, OR","41035",19,67653,"Unreliable"
"Lane County, OR","41039",109,379611,"28.7"
"Lincoln County, OR","41041",20,49388,"40.5"
"Linn County, OR","41043",45,127335,"35.3"
"Malheur County, OR","41045",10,30725,"Unreliable"
"Marion County, OR","41047",119,346868,"34.3"
"Multnomah County, OR","41051",203,811880,"25"
"Polk County, OR","41053",23,85234,"27"
"Umatilla County, OR","41059",42,77516,"54.2"
"Wasco County, OR","41065",16,26505,"Unreliable"
"Washington County, OR","41067",109,597695,"18.2"
"Yamhill County, OR","41071",32,107002,"29.9"
"Adams County, PA","42001",42,102811,"40.9"
"Allegheny County, PA","42003",287,1218452,"23.6"
"Armstrong County, PA","42005",14,65263,"Unreliable"
"Beaver County, PA","42007",44,164742,"26.7"
"Bedford County, PA","42009",16,48176,"Unreliable"
"Berks County, PA","42011",110,420152,"26.2"
"Blair County, PA","42013",41,122492,"33.5"
"Bradford County, PA","42015",30,60833,"49.3"
"Bucks County, PA","42017",122,628195,"19.4"
"Butler County, PA","42019",52,187888,"27.7"
"Cambria County, PA","42021",44,131730,"33.4"
"Carbon County, PA","42025",23,64227,"35.8"
"Centre County, PA","42027",25,162805,"15.4"
"Chester County, PA","42029",81,522046,"15.5"
"Clarion County, PA","42031",15,38779,"Unreliable"
"Clearfield County, PA","42033",37,79388,"46.6"
"Clinton County, PA","42035",21,38684,"54.3"
"Columbia County, PA","42037",16,65456,"Unreliable"
"Crawford County, PA","42039",24,85063,"28.2"
"Cumberland County, PA","42041",54,251423,"21.5"
"Dauphin County, PA","42043",54,277097,"19.5"
"Delaware County, PA","42045",125,564751,"22.1"
"Elk County, PA","42047",10,30169,"Unreliable"
"Erie County, PA","42049",68,272061,"25"
"Fayette County, PA","42051",64,130441,"49.1"
"Franklin County, PA","42055",54,154835,"34.9"
"Greene County, PA","42059",10,36506,"Unreliable"
"Huntingdon County, PA","42061",27,45168,"59.8"
"Indiana County, PA","42063",29,84501,"34.3"
"Jefferson County, PA","42065",24,43641,"55"
"Lackawanna County, PA","42069",72,210793,"34.2"
"Lancaster County, PA","42071",137,543557,"25.2"
"Lawrence County, PA","42073",32,86184,"37.1"
"Lebanon County, PA","42075",22,141314,"15.6"
"Lehigh County, PA","42077",98,368100,"26.6"
"Luzerne County, PA","42079",154,317646,"48.5"
"Lycoming County, PA","42081",60,113664,"52.8"
"Mc Kean County, PA","42083",23,40968,"56.1"
"Mercer County, PA","42085",55,110683,"49.7"
"Mifflin County, PA","42087",20,46222,"43.3"
"Monroe County, PA","42089",49,169507,"28.9"
"Montgomery County, PA","42091",164,828604,"19.8"
"Northampton County, PA","42095",110,304807,"36.1"
"Northumberland County, PA","42097",40,91083,"43.9"
"Perry County, PA","42099",14,46139,"Unreliable"
"Philadelphia County, PA","42101",332,1584138,"21"
"Pike County, PA","42103",28,55933,"50.1"
"Schuylkill County, PA","42107",36,142067,"25.3"
"Snyder County, PA","42109",15,40540,"Unreliable"
"Somerset County, PA","42111",39,73952,"52.7"
"Susquehanna County, PA","42115",33,40589,"81.3"
"Tioga County, PA","42117",11,40763,"Unreliable"
"Union County, PA","42119",15,44785,"Unreliable"
"Venango County, PA","42121",21,51266,"41"
"Warren County, PA","42123",31,39498,"78.5"
"Washington County, PA","42125",72,207346,"34.7"
"Wayne County, PA","42127",18,51276,"Unreliable"
"Westmoreland County, PA","42129",125,350611,"35.7"
"Wyoming County, PA","42131",20,27046,"73.9"
"York County, PA","42133",155,448273,"34.6"
"Kent County, RI","44003",49,163861,"29.9"
"Providence County, RI","44007",160,636084,"25.2"
"Washington County, RI","44009",28,126179,"22.2"
"Aiken County, SC","45003",61,169401,"36"
"Anderson County, SC","45007",92,200482,"45.9"
"Barnwell County, SC","45011",11,21112,"Unreliable"
"Beaufort County, SC","45013",34,188715,"18"
"Berkeley County, SC","45015",54,221091,"24.4"
"Charleston County, SC","45019",108,405905,"26.6"
"Chester County, SC","45023",31,32251,"96.1"
"Chesterfield County, SC","45025",17,45754,"Unreliable"
"Clarendon County, SC","45027",18,33700,"Unreliable"
"Colleton County, SC","45029",12,37660,"Unreliable"
"Darlington County, SC","45031",24,66802,"35.9"
"Dillon County, SC","45033",21,30599,"68.6"
"Dorchester County, SC","45035",42,160647,"26.1"
"Fairfield County, SC","45039",15,22402,"Unreliable"
"Florence County, SC","45041",58,138159,"42"
"Georgetown County, SC","45043",21,62249,"33.7"
"Greenville County, SC","45045",118,514213,"22.9"
"Greenwood County, SC","45047",26,70741,"36.8"
"Hampton County, SC","45049",11,19351,"Unreliable"
"Horry County, SC","45051",70,344147,"20.3"
"Jasper County, SC","45053",11,28971,"Unreliable"
"Kershaw County, SC","45055",36,65592,"54.9"
"Lancaster County, SC","45057",18,95380,"Unreliable"
"Laurens County, SC","45059",37,66994,"55.2"
"Lee County, SC","45061",10,17142,"Unreliable"
"Lexington County, SC","45063",57,295032,"19.3"
"Marion County, SC","45067",15,31039,"Unreliable"
"Newberry County, SC","45071",15,38520,"Unreliable"
"Oconee County, SC","45073",31,78374,"39.6"
"Orangeburg County, SC","45075",61,86934,"70.2"
"Pickens County, SC","45077",16,124937,"Unreliable"
"Richland County, SC","45079",106,414576,"25.6"
"Spartanburg County, SC","45083",94,313888,"29.9"
"Sumter County, SC","45085",70,106512,"65.7"
"Union County, SC","45087",10,27410,"Unreliable"
"Williamsburg County, SC","45089",24,30606,"78.4"
"York County, SC","45091",69,274118,"25.2"
"Beadle County, SD","46005",12,18883,"Unreliable"
"Brown County, SD","46013",20,39316,"50.9"
"Minnehaha County, SD","46099",32,192876,"16.6"
"Pennington County, SD","46103",25,111729,"22.4"
"Roberts County, SD","46109",10,10447,"Unreliable"
"Shannon County, SD","46113",14,14309,"Unreliable"
"Todd County, SD","46121",13,10283,"Unreliable"
"Anderson County, TN","47001",23,76482,"30.1"
"Bedford County, TN","47003",15,49038,"Unreliable"
"Benton County, TN","47005",11,16184,"Unreliable"
"Blount County, TN","47009",34,131349,"25.9"
"Bradley County, TN","47011",25,106727,"23.4"
"Campbell County, TN","47013",14,39583,"Unreliable"
"Carter County, TN","47019",18,56351,"Unreliable"
"Cheatham County, TN","47021",15,40439,"Unreliable"
"Chester County, TN","47023",15,17276,"Unreliable"
"Cocke County, TN","47029",13,35774,"Unreliable"
"Coffee County, TN","47031",29,55700,"52.1"
"Cumberland County, TN","47035",42,59673,"70.4"
"Davidson County, TN","47037",168,692587,"24.3"
"Dyer County, TN","47045",14,37320,"Unreliable"
"Fayette County, TN","47047",10,40507,"Unreliable"
"Fentress County, TN","47049",11,18217,"Unreliable"
"Franklin County, TN","47051",13,41890,"Unreliable"
"Gibson County, TN","47053",24,49045,"48.9"
"Giles County, TN","47055",11,29503,"Unreliable"
"Greene County, TN","47059",22,69087,"31.8"
"Hamblen County, TN","47063",21,64569,"32.5"
"Hamilton County, TN","47065",135,364286,"37.1"
"Hardeman County, TN","47069",11,25220,"Unreliable"
"Hawkins County, TN","47073",22,56530,"38.9"
"Henry County, TN","47079",16,32358,"Unreliable"
"Jefferson County, TN","47089",16,54012,"Unreliable"
"Knox County, TN","47093",140,465289,"30.1"
"Lauderdale County, TN","47097",10,25825,"Unreliable"
"Lawrence County, TN","47099",19,43734,"Unreliable"
"Lincoln County, TN","47103",19,34117,"Unreliable"
"McMinn County, TN","47107",23,53285,"43.2"
"McNairy County, TN","47109",10,25832,"Unreliable"
"Madison County, TN","47113",41,97605,"42"
"Marion County, TN","47115",13,28575,"Unreliable"
"Marshall County, TN","47117",11,33683,"Unreliable"
"Maury County, TN","47119",19,94340,"Unreliable"
"Monroe County, TN","47123",22,46357,"47.5"
"Montgomery County, TN","47125",59,205950,"28.6"
"Morgan County, TN","47129",13,21579,"Unreliable"
"Obion County, TN","47131",18,30267,"Unreliable"
"Polk County, TN","47139",11,16898,"Unreliable"
"Putnam County, TN","47141",26,78843,"33"
"Rhea County, TN","47143",21,33044,"63.6"
"Roane County, TN","47145",22,53140,"41.4"
"Robertson County, TN","47147",13,71012,"Unreliable"
"Rutherford County, TN","47149",65,324890,"20"
"Sevier County, TN","47155",20,97892,"20.4"
"Shelby County, TN","47157",261,935764,"27.9"
"Sullivan County, TN","47163",39,157668,"24.7"
"Sumner County, TN","47165",30,187149,"16"
"Tipton County, TN","47167",20,61581,"32.5"
"Warren County, TN","47177",12,40878,"Unreliable"
"Washington County, TN","47179",26,128607,"20.2"
"Weakley County, TN","47183",21,33415,"62.8"
"White County, TN","47185",11,27107,"Unreliable"
"Williamson County, TN","47187",39,231729,"16.8"
"Wilson County, TN","47189",25,140625,"17.8"
"Anderson County, TX","48001",15,58057,"Unreliable"
"Angelina County, TX","48005",35,87092,"40.2"
"Aransas County, TX","48007",16,23792,"Unreliable"
"Atascosa County, TX","48013",17,50310,"Unreliable"
"Austin County, TX","48015",10,29989,"Unreliable"
"Bastrop County, TX","48021",18,86976,"Unreliable"
"Bee County, TX","48025",14,32587,"Unreliable"
"Bell County, TX","48027",64,355642,"18"
"Bexar County, TX","48029",489,1986049,"24.6"
"Bowie County, TX","48037",41,94324,"43.5"
"Brazoria County, TX","48039",48,370200,"13"
"Brazos County, TX","48041",27,226758,"11.9"
"Brown County, TX","48049",15,37924,"Unreliable"
"Burnet County, TX","48053",11,47542,"Unreliable"
"Cameron County, TX","48061",118,423908,"27.8"
"Cherokee County, TX","48073",14,52592,"Unreliable"
"Collin County, TX","48085",82,1005146,"8.2"
"Comal County, TX","48091",11,148373,"Unreliable"
"Coryell County, TX","48099",16,74808,"Unreliable"
"Dallas County, TX","48113",426,2637772,"16.1"
"Deaf Smith County, TX","48117",11,18760,"Unreliable"
"Denton County, TX","48121",95,859064,"11.1"
"DeWitt County, TX","48123",13,20187,"Unreliable"
"Ector County, TX","48135",46,162124,"28.4"
"Ellis County, TX","48139",26,179436,"14.5"
"El Paso County, TX","48141",303,840758,"36"
"Erath County, TX","48143",10,42446,"Unreliable"
"Fort Bend County, TX","48157",107,787858,"13.6"
"Galveston County, TX","48167",62,337890,"18.3"
"Gonzales County, TX","48177",13,20826,"Unreliable"
"Gray County, TX","48179",13,21895,"Unreliable"
"Grayson County, TX","48181",34,133991,"25.4"
"Gregg County, TX","48183",24,123707,"19.4"
"Guadalupe County, TX","48187",33,163694,"20.2"
"Hardin County, TX","48199",14,57207,"Unreliable"
"Harris County, TX","48201",789,4698619,"16.8"
"Harrison County, TX","48203",19,66726,"Unreliable"
"Hays County, TX","48209",26,222631,"11.7"
"Henderson County, TX","48213",24,82299,"29.2"
"Hidalgo County, TX","48215",199,865939,"23"
"Hill County, TX","48217",10,36354,"Unreliable"
"Hockley County, TX","48219",10,22980,"Unreliable"
"Hood County, TX","48221",20,60537,"33"
"Hunt County, TX","48231",23,96493,"23.8"
"Jefferson County, TX","48245",65,255001,"25.5"
"Jim Wells County, TX","48249",14,40822,"Unreliable"
"Johnson County, TX","48251",38,171361,"22.2"
"Kaufman County, TX","48257",29,128622,"22.5"
"Kerr County, TX","48265",19,52405,"Unreliable"
"Kleberg County, TX","48273",19,31129,"Unreliable"
"Lamar County, TX","48277",10,49728,"Unreliable"
"Lampasas County, TX","48281",13,21229,"Unreliable"
"Liberty County, TX","48291",15,86323,"Unreliable"
"Limestone County, TX","48293",11,23519,"Unreliable"
"Lubbock County, TX","48303",84,307412,"27.3"
"McLennan County, TX","48309",72,254607,"28.3"
"Matagorda County, TX","48321",10,36552,"Unreliable"
"Maverick County, TX","48323",24,58485,"41"
"Medina County, TX","48325",18,50921,"Unreliable"
"Midland County, TX","48329",22,172578,"12.7"
"Montgomery County, TX","48339",77,590925,"13"
"Nacogdoches County, TX","48347",29,65711,"44.1"
"Navarro County, TX","48349",15,49565,"Unreliable"
"Nueces County, TX","48355",142,362265,"39.2"
"Orange County, TX","48361",26,83572,"31.1"
"Parker County, TX","48367",27,138371,"19.5"
"Polk County, TX","48373",14,50031,"Unreliable"
"Potter County, TX","48375",55,119648,"46"
"Randall County, TX","48381",31,136271,"22.7"
"Rockwall County, TX","48397",14,100657,"Unreliable"
"Rusk County, TX","48401",19,54450,"Unreliable"
"San Augustine County, TX","48405",10,8232,"Unreliable"
"San Patricio County, TX","48409",40,66893,"59.8"
"Smith County, TX","48423",66,230221,"28.7"
"Tarrant County, TX","48439",411,2084931,"19.7"
"Taylor County, TX","48441",39,137640,"28.3"
"Titus County, TX","48449",11,33033,"Unreliable"
"Tom Green County, TX","48451",39,118189,"33"
"Travis County, TX","48453",141,1248743,"11.3"
"Upshur County, TX","48459",15,41260,"Unreliable"
"Uvalde County, TX","48463",17,26846,"Unreliable"
"Val Verde County, TX","48465",19,49208,"Unreliable"
"Van Zandt County, TX","48467",10,56019,"Unreliable"
"Victoria County, TX","48469",26,92035,"28.3"
"Walker County, TX","48471",12,72480,"Unreliable"
"Waller County, TX","48473",10,53126,"Unreliable"
"Webb County, TX","48479",85,275910,"30.8"
"Wharton County, TX","48481",15,41619,"Unreliable"
"Wichita County, TX","48485",47,132064,"35.6"
"Wilbarger County, TX","48487",13,12820,"Unreliable"
"Willacy County, TX","48489",11,21515,"Unreliable"
"Williamson County, TX","48491",46,566719,"8.1"
"Wilson County, TX","48493",15,50224,"Unreliable"
"Wise County, TX","48497",12,68305,"Unreliable"
"Wood County, TX","48499",14,45129,"Unreliable"
"Box Elder County, UT","49003",16,54950,"Unreliable"
"Cache County, UT","49005",19,127068,"Unreliable"
"Davis County, UT","49011",51,351713,"14.5"
"Iron County, UT","49021",13,52775,"Unreliable"
"Salt Lake County, UT","49035",241,1152633,"20.9"
"Sanpete County, UT","49039",10,30623,"Unreliable"
"Sevier County, UT","49041",12,21539,"Unreliable"
"Tooele County, UT","49045",14,69907,"Unreliable"
"Utah County, UT","49049",81,622213,"13"
"Washington County, UT","49053",53,171700,"30.9"
"Weber County, UT","49057",70,256359,"27.3"
"Bennington County, VT","50003",12,35631,"Unreliable"
"Caledonia County, VT","50005",10,30302,"Unreliable"
"Chittenden County, VT","50007",28,164572,"17"
"Franklin County, VT","50011",16,49421,"Unreliable"
"Rutland County, VT","50021",16,58672,"Unreliable"
"Washington County, VT","50023",18,58140,"Unreliable"
"Windsor County, VT","50027",18,55286,"Unreliable"
"Accomack County, VA","51001",22,32412,"67.9"
"Albemarle County, VA","51003",23,108718,"21.2"
"Amherst County, VA","51009",14,31666,"Unreliable"
"Arlington County, VA","51013",17,237521,"Unreliable"
"Augusta County, VA","51015",17,75457,"Unreliable"
"Bedford County, VA","51019",18,78747,"Unreliable"
"Botetourt County, VA","51023",12,33277,"Unreliable"
"Brunswick County, VA","51025",16,16384,"Unreliable"
"Buchanan County, VA","51027",10,21221,"Unreliable"
"Campbell County, VA","51031",12,54973,"Unreliable"
"Carroll County, VA","51035",12,29636,"Unreliable"
"Chesterfield County, VA","51041",64,348556,"18.4"
"Culpeper County, VA","51047",13,51859,"Unreliable"
"Dinwiddie County, VA","51053",17,28529,"Unreliable"
"Fairfax County, VA","51059",144,1150795,"12.5"
"Fauquier County, VA","51061",12,70675,"Unreliable"
"Franklin County, VA","51067",30,56195,"53.4"
"Frederick County, VA","51069",26,88355,"29.4"
"Gloucester County, VA","51073",14,37349,"Unreliable"
"Halifax County, VA","51083",18,34120,"Unreliable"
"Hanover County, VA","51085",15,107239,"Unreliable"
"Henrico County, VA","51087",90,329261,"27.3"
"Henry County, VA","51089",37,50953,"72.6"
"Isle of Wight County, VA","51093",12,36953,"Unreliable"
"James City County, VA","51095",17,76397,"Unreliable"
"Lee County, VA","51105",22,23541,"93.5"
"Loudoun County, VA","51107",42,406850,"10.3"
"Louisa County, VA","51109",10,36778,"Unreliable"
"Mecklenburg County, VA","51117",20,30650,"65.3"
"Montgomery County, VA","51121",14,98985,"Unreliable"
"Nottoway County, VA","51135",11,15420,"Unreliable"
"Orange County, VA","51137",10,36644,"Unreliable"
"Page County, VA","51139",14,23933,"Unreliable"
"Patrick County, VA","51141",14,17673,"Unreliable"
"Pittsylvania County, VA","51143",30,60949,"49.2"
"Powhatan County, VA","51145",13,29189,"Unreliable"
"Prince Edward County, VA","51147",10,22950,"Unreliable"
"Prince George County, VA","51149",14,38082,"Unreliable"
"Prince William County, VA","51153",70,468011,"15"
"Pulaski County, VA","51155",16,34066,"Unreliable"
"Roanoke County, VA","51161",30,94073,"31.9"
"Rockingham County, VA","51165",30,81244,"36.9"
"Russell County, VA","51167",16,26748,"Unreliable"
"Shenandoah County, VA","51171",17,43497,"Unreliable"
"Smyth County, VA","51173",17,30472,"Unreliable"
"Southampton County, VA","51175",10,17586,"Unreliable"
"Spotsylvania County, VA","51177",25,134238,"18.6"
"Stafford County, VA","51179",32,149960,"21.3"
"Tazewell County, VA","51185",25,40855,"61.2"
"Warren County, VA","51187",15,40003,"Unreliable"
"Washington County, VA","51191",24,54402,"44.1"
"Wise County, VA","51195",22,38012,"57.9"
"Wythe County, VA","51197",19,28754,"Unreliable"
"York County, VA","51199",18,67846,"Unreliable"
"Alexandria city, VA","51510",18,160530,"Unreliable"
"Bristol city, VA","51520",11,16482,"Unreliable"
"Chesapeake city, VA","51550",67,242634,"27.6"
"Danville city, VA","51590",18,40693,"Unreliable"
"Galax city, VA","51640",10,6423,"Unreliable"
"Hampton city, VA","51650",51,134313,"38"
"Harrisonburg city, VA","51660",11,54033,"Unreliable"
"Hopewell city, VA","51670",17,22596,"Unreliable"
"Lynchburg city, VA","51680",21,82126,"25.6"
"Martinsville city, VA","51690",15,12902,"Unreliable"
"Newport News city, VA","51700",71,178626,"39.7"
"Norfolk city, VA","51710",85,244076,"34.8"
"Petersburg city, VA","51730",32,31567,"101.4"
"Portsmouth city, VA","51740",45,94632,"47.6"
"Richmond city, VA","51760",62,228783,"27.1"
"Roanoke city, VA","51770",46,99920,"46"
"Staunton city, VA","51790",15,24922,"Unreliable"
"Suffolk city, VA","51800",40,91185,"43.9"
"Virginia Beach city, VA","51810",77,450189,"17.1"
"Waynesboro city, VA","51820",11,22628,"Unreliable"
"Benton County, WA","53005",40,201877,"19.8"
"Chelan County, WA","53007",21,77036,"27.3"
"Clallam County, WA","53009",27,76737,"35.2"
"Clark County, WA","53011",129,481857,"26.8"
"Cowlitz County, WA","53015",45,108987,"41.3"
"Franklin County, WA","53021",17,94347,"Unreliable"
"Grant County, WA","53025",16,97331,"Unreliable"
"Grays Harbor County, WA","53027",34,73901,"46"
"Island County, WA","53029",32,84460,"37.9"
"King County, WA","53033",392,2233163,"17.6"
"Kitsap County, WA","53035",51,269805,"18.9"
"Klickitat County, WA","53039",11,22107,"Unreliable"
"Lewis County, WA","53041",26,79604,"32.7"
"Mason County, WA","53045",23,65507,"35.1"
"Okanogan County, WA","53047",19,42132,"Unreliable"
"Pacific County, WA","53049",12,22036,"Unreliable"
"Pierce County, WA","53053",238,891299,"26.7"
"Skagit County, WA","53057",34,128206,"26.5"
"Snohomish County, WA","53061",190,814901,"23.3"
"Spokane County, WA","53063",133,514631,"25.8"
"Stevens County, WA","53065",15,45260,"Unreliable"
"Thurston County, WA","53067",84,286419,"29.3"
"Walla Walla County, WA","53071",24,60922,"39.4"
"Whatcom County, WA","53073",51,225685,"22.6"
"Yakima County, WA","53077",53,251446,"21.1"
"Berkeley County, WV","54003",42,117123,"35.9"
"Boone County, WV","54005",15,21951,"Unreliable"
"Cabell County, WV","54011",52,93224,"55.8"
"Clay County, WV","54015",11,8632,"Unreliable"
"Fayette County, WV","54019",24,43018,"55.8"
"Greenbrier County, WV","54025",18,34786,"Unreliable"
"Hampshire County, WV","54027",17,23347,"Unreliable"
"Hancock County, WV","54029",20,29094,"68.7"
"Harrison County, WV","54033",39,67554,"57.7"
"Jackson County, WV","54035",25,28706,"87.1"
"Jefferson County, WV","54037",18,56811,"Unreliable"
"Kanawha County, WV","54039",86,180454,"47.7"
"Lewis County, WV","54041",11,16024,"Unreliable"
"Lincoln County, WV","54043",13,20599,"Unreliable"
"Logan County, WV","54045",30,32607,"92"
"McDowell County, WV","54047",14,18223,"Unreliable"
"Marion County, WV","54049",31,56097,"55.3"
"Marshall County, WV","54051",10,30785,"Unreliable"
"Mason County, WV","54053",16,26718,"Unreliable"
"Mercer County, WV","54055",40,59131,"67.6"
"Mineral County, WV","54057",16,26940,"Unreliable"
"Mingo County, WV","54059",11,23785,"Unreliable"
"Monongalia County, WV","54061",25,106420,"23.5"
"Morgan County, WV","54065",13,17787,"Unreliable"
"Nicholas County, WV","54067",10,24842,"Unreliable"
"Ohio County, WV","54069",26,41755,"62.3"
"Preston County, WV","54077",28,33839,"82.7"
"Putnam County, WV","54079",22,56682,"38.8"
"Raleigh County, WV","54081",45,74254,"60.6"
"Wayne County, WV","54099",17,39944,"Unreliable"
"Wood County, WV","54107",52,84203,"61.8"
"Wyoming County, WV","54109",12,20786,"Unreliable"
"Barron County, WI","55005",17,45164,"Unreliable"
"Brown County, WI","55009",49,263378,"18.6"
"Chippewa County, WI","55017",20,64135,"31.2"
"Clark County, WI","55019",14,34709,"Unreliable"
"Columbia County, WI","55021",19,57358,"Unreliable"
"Dane County, WI","55025",71,542364,"13.1"
"Dodge County, WI","55027",24,87847,"27.3"
"Douglas County, WI","55031",13,43208,"Unreliable"
"Eau Claire County, WI","55035",22,104534,"21"
"Fond du Lac County, WI","55039",20,103066,"19.4"
"Grant County, WI","55043",18,51554,"Unreliable"
"Jefferson County, WI","55055",23,85129,"27"
"Juneau County, WI","55057",16,26617,"Unreliable"
"Kenosha County, WI","55059",46,169290,"27.2"
"Kewaunee County, WI","55061",13,20383,"Unreliable"
"La Crosse County, WI","55063",28,118230,"23.7"
"Lafayette County, WI","55065",10,16665,"Unreliable"
"Lincoln County, WI","55069",14,27689,"Unreliable"
"Manitowoc County, WI","55071",34,79074,"43"
"Marathon County, WI","55073",35,135428,"25.8"
"Marquette County, WI","55077",13,15434,"Unreliable"
"Milwaukee County, WI","55079",253,948201,"26.7"
"Monroe County, WI","55081",24,46051,"52.1"
"Oconto County, WI","55083",15,37830,"Unreliable"
"Oneida County, WI","55085",13,35470,"Unreliable"
"Outagamie County, WI","55087",34,187365,"18.1"
"Ozaukee County, WI","55089",24,89147,"26.9"
"Polk County, WI","55095",13,43598,"Unreliable"
"Portage County, WI","55097",12,70942,"Unreliable"
"Racine County, WI","55101",55,196584,"28"
"Rock County, WI","55105",47,163129,"28.8"
"St. Croix County, WI","55109",19,89694,"Unreliable"
"Sauk County, WI","55111",30,64249,"46.7"
"Shawano County, WI","55115",18,40796,"Unreliable"
"Sheboygan County, WI","55117",32,115456,"27.7"
"Trempealeau County, WI","55121",13,29442,"Unreliable"
"Walworth County, WI","55127",28,103718,"27"
"Washington County, WI","55131",22,135693,"16.2"
"Waukesha County, WI","55133",92,403072,"22.8"
"Waupaca County, WI","55135",15,51128,"Unreliable"
"Winnebago County, WI","55139",49,171020,"28.7"
"Wood County, WI","55141",26,73055,"35.6"
"Fremont County, WY","56013",14,39531,"Unreliable"
"Laramie County, WY","56021",35,98976,"35.4"
"Natrona County, WY","56025",13,79115,"Unreliable"
"Sheridan County, WY","56033",11,30233,"Unreliable"
"Sweetwater County, WY","56037",15,43051,"Unreliable"
"Total",NA,84946,327167434,"26"
